URL,Title,Snippet
"http://www.gutenberg.org/ebooks/37342","Medieval English Literature by W. P. Ker | Project Gutenberg","No snippet available."
"http://www.gutenberg.org/ebooks/43555","Selections from Early Middle English, 1130-1250. Part 2: Notes by Joseph Hall | Project Gutenberg","No snippet available."
"https://www.gutenberg.org/ebooks/37342.html.images","The Project Gutenberg eBook of Medieval English Literature, by William Paton Ker","Title: Medieval English Literature..."
"https://www.gutenberg.org/files/26413/26413-h/26413-h.htm","Selections from Early Middle English","This e-text includes characters
that will only display in UTF-8 (Unicode) file encoding, including but
not limited to:..."
"http://www.gutenberg.org/ebooks/3725","Famous Men of the Middle Ages by John H. Haaren and Addison B. Poland | Project Gutenberg","No snippet available."
"http://www.gutenberg.org/ebooks/30851","Fifteenth Century Prose and Verse by Alfred W. Pollard | Project Gutenberg","No snippet available."
"http://www.gutenberg.org/ebooks/21630","Bibliomania in the Middle Ages by F. Somner Merryweather | Project Gutenberg","No snippet available."
"http://www.gutenberg.org/ebooks/43195","Chaucerian and Other Pieces by Walter W. Skeat | Project Gutenberg","No snippet available."
"http://www.gutenberg.org/ebooks/6565","Chaucer's Official Life by James R. Hulbert | Project Gutenberg","No snippet available."
"http://www.gutenberg.org/ebooks/39030","The influence and development of English gilds :  as illustrated by the historyâ€¦ | Project Gutenberg","No snippet available."
"http://www.gutenberg.org/ebooks/19216","The History of England in Three Volumes, Vol. I., Part F. by David Hume | Project Gutenberg","No snippet available."
"https://www.gutenberg.org/","Free eBooks | Project Gutenberg","Choose among free epub and Kindle eBooks, download them or read them online. You will find the world's great literature here, with focus on older works for which U.S. copyright has expired. Thousands ..."
"http://www.gutenberg.org/ebooks/21114","Heroes of Modern Europe by Alice Birkhead | Project Gutenberg","No snippet available."
"http://www.gutenberg.org/ebooks/37226","English Lands, Letters and Kings, vol. 3: Queen Anne and the Georges by Mitchell | Project Gutenberg","No snippet available."
"http://www.gutenberg.org/ebooks/13786","The Influence of Old Norse Literature on English Literature by Nordby | Project Gutenberg","No snippet available."
"http://www.gutenberg.org/ebooks/73128","A history of criticism and literary taste in Europe from the earliest texts toâ€¦ | Project Gutenberg","No snippet available."
"http://www.gutenberg.org/ebooks/39030","The influence and development of English gilds :  as illustrated by the historyâ€¦ | Project Gutenberg","No snippet available."
"https://www.gutenberg.org/ebooks/70730","A history of England principally in the seventeenth century, Volume 2 (of 6) | Project Gutenberg","No snippet available."
"http://www.gutenberg.org/ebooks/27606","The Library of William Congreve by William Congreve | Project Gutenberg","No snippet available."
"https://www.gutenberg.org/files/19222/19222-h/19222-h.htm","The Project Gutenberg eBook of Modern English Books of Power, by George Hamlin Fitch.","Transcriber's Note:..."
"https://archive.org/download/9780262517638OpenAccess/9780262517638_Open_Access.pdf","No Title Found","No snippet available."
"https://blog.archive.org/2023/08/17/what-the-hachette-v-internet-archive-decision-means-for-our-library/","What the Hachette v. Internet Archive Decision Means for Our Library | Internet Archive Blogs","Our library is still strong, growing, and serving millions of patrons. But the publishersâ€™ attack on basic library practices continues...."
"https://www.gutenberg.org/files/27526/27526-pdf.pdf","No Title Found","No snippet available."
"https://purl.archive.org/ODRL/1.0","ODRL Information Model 2.2","..."
"http://ia800202.us.archive.org/32/items/IJITCE/vol2no201.pdf","No Title Found","HŞŒÄ’ï¿½8?ï¿½*,ï¿½ï¿½_-ï¿½ï¿½)qï¿½9Uqï¿½ï¿½ï¿½	aï¿½	 ï¿½Øšï¿½ï¿½'Qï¿½ï¿½G=ï¿½ï¿½ÓEHï¿½Lï¿½;ï¿½ï¿½z/ï¿½Ç§ï¿½WGï¿½ï¿½i ï¿½ï¿½ï¿½uï¿½ï¿½*)Aaï¿½ï¿½ï¿½I'3ï¿½ï¿½?ï¿½Ytï¿½8ï¿½ï¿½ï¿½_ï¿½ï¿½rï¿½Yï¿½Iï¿½}ï¿½ï¿½ï¿½ï¿½8ï¿½uxNï¿½ï¿½g'iï¿½ï¿½O}ï¿½s-ï¿½ï¿½gc'Æ©ï¿½*ï¿½@ï¿½ï¿½Yï¿½d:fï¿½5ï¿½ï¿½ï¿½AÃ²ï¿½	ï¿½'ï¿½ï¿½ï¿½Uï¿½lï¿½Mï¿½ï¿½ï¿½ï¿½I{3ï¿½K@'<ï¿½Ç·ï¿½]ï¿½ï¿½..."
"https://scholar.archive.org/work/rfbmcmhdz5djloqs7rdma6sw7i/access/wayback/http://www.chato.cl:80/papers/crawling_thesis/effective_web_crawling.pdf","No Title Found","No snippet available."
"https://www.gutenberg.org/ebooks/27098.epub.images","No Title Found","No snippet available."
"https://purl.archive.org/bibbase/other-bibtex2rdf-tools","ConverterToRdf - W3C Wiki","A Converter to RDF is a tool which converts application data from an application-specific format into RDF for use with RDF tools and integration with other data. Converters may be part of a one-time m..."
"https://scholar.archive.org/work/moc3aptbjrdfboaxgcnt4hadam/access/wayback/http://www.temjournal.com/content/41/04/temjournal4104.pdf","No Title Found","No snippet available."
"https://scholar.archive.org/work/a7rehu7tyrhm3gub2nrrkch2ba/access/wayback/http://eprints.whiterose.ac.uk/126465/1/iosart2c.pdf","No Title Found","No snippet available."
"http://www.gutenberg.org/ebooks/15529","Songs from Books by Rudyard Kipling | Project Gutenberg","No snippet available."
"http://www.gutenberg.org/ebooks/74833","Historiallisia kaskuja by YrjÃ¶ Karilas | Project Gutenberg","No snippet available."
"https://archive.org/download/aosa_v2/aosa_v2.pdf","No Title Found","No snippet available."
"http://www.gutenberg.org/ebooks/18696","The Olden Time Series, Vol. 6: Literary Curiosities by Henry M. Brooks | Project Gutenberg","No snippet available."
"http://www.gutenberg.org/ebooks/12989","The Lady of Big Shanty by F. Berkeley Smith | Project Gutenberg","No snippet available."
"http://www.gutenberg.org/ebooks/56805","Gleanings from the Harvest-Fields of Literature: A Melange of Excerpta by Bombaugh | Project Gutenberg","No snippet available."
"http://www.gutenberg.org/ebooks/65751","L'Arche de NoÃ© by AndrÃ© HellÃ© | Project Gutenberg","No snippet available."
"http://www.gutenberg.org/ebooks/75507","Pistols for two by H. L. Mencken and George Jean Nathan | Project Gutenberg","No snippet available."
"https://www.gutenberg.org/files/29801/29801-0.txt","No Title Found","No snippet available."
"http://www.gutenberg.org/ebooks/4118","Diary of Samuel Pepys â€” Volume 02: January 1659-1660 by Samuel Pepys | Project Gutenberg","No snippet available."
"http://www.gutenberg.org/ebooks/11576","The Works of Charles and Mary Lamb â€” Volume 4 by Charles Lamb and Mary Lamb | Project Gutenberg","No snippet available."
"http://www.gutenberg.org/ebooks/38912","L'Illustration, No. 3669, 21 Juin 1913 by Various | Project Gutenberg","No snippet available."
"https://www.gutenberg.org/ebooks/36985.html.images","The Project Gutenberg eBook of The eBook is 40 (1971-2011), by Marie Lebert","Title: The eBook is 40 (1971-2011)..."
"http://www.gutenberg.org/ebooks/13543","People You Know by George Ade | Project Gutenberg","No snippet available."
"http://www.gutenberg.org/ebooks/23027","Notes and Queries, Number 69, February 22, 1851 by Various | Project Gutenberg","No snippet available."
"https://archive.org/download/781b77bd-edf8-4688-937d-cc7cc47de89f/781b77bd-edf8-4688-937d-cc7cc47de89f.pdf","No Title Found","No snippet available."
"https://dn721602.ca.archive.org/0/items/junos-srxsme/JunOS%20SRX%20Documentation%20Set/user-access.pdf","No Title Found",">
stream
xÚµZKo7ï¿½ï¿½W,ï¿½ï¿½ï¿½9|ï¿½B/Eï¿½=Õ…ï¿½^lpï¿½ï¿½(ï¿½1'ï¿½ï¿½ï¿½ï¿½Ø‡ï¿½ï¿½ï¿½ï¿½ï¿½Ü¥ÈÙ•ï¿½+ï¿½ï¿½ï¿½ï¿½ï¿½ï¿½Ìkï¿½4Xï¿½pfï¿½ï¿½ï¿½Üºï¿½ï¿½ï¿½ï¿½ï¿½ï¿½ï¿½ï¿½ï¿½hï¿½tcoï¿½=ï¿½*ï¿½ï¿½rï¿½jÆ›Ó¿bï¿½2hï¿½\z!ï¿½20Ü…ï¿½2ï¿½vcï¿½ï¿½	ï¿½ï¿½p:;zï¿½
^ï¿½ï¿½4ï¿½4ï¿½Tcï¿½gJ7ï¿½ï¿½ï¿½ï¿½gï¿½ï¿½M,Vï¿½ï¿½ï¿½bï¿½ï¿½ï¿½u,nrï¿½ï¿½ï¿½ï¿½e,ï¿½ßœï¿½ï¿½ï¿½
Vcï¿½fï¿½5j..."
"http://www.gutenberg.org/ebooks/4919","The Letters of Horace Walpole, Earl of Orford â€” Volume 4 by Horace Walpole | Project Gutenberg","No snippet available."
"http://www.gutenberg.org/ebooks/12099","Memories of Jane Cunningham Croly, 'Jenny June' | Project Gutenberg","No snippet available."
"http://www.gutenberg.org/ebooks/1912","The Muse of the Department by HonorÃ© de Balzac | Project Gutenberg","No snippet available."
"https://archive.org/download/fecc033f-919b-4d98-ab32-c6fb19dfb7e8/fecc033f-919b-4d98-ab32-c6fb19dfb7e8.pdf","No Title Found","No snippet available."
"http://www.gutenberg.org/ebooks/33403","Geography and Plays by Gertrude Stein | Project Gutenberg","No snippet available."
"https://www.gutenberg.org/files/49895/49895-h/49895-h.htm","The Project Gutenberg eBook of Manual of Library Economy, by James Duff Brown.","Please see theTranscriberâ€™s Notesat the end of this text.The cover image has been created
for this e-book and is placed in the public domain...."
"http://www.gutenberg.org/ebooks/41116","CuriositÃ©s Historiques et LittÃ©raires by EugÃ¨ne Muller | Project Gutenberg","No snippet available."
"https://archive.org/download/LayingFoundation/LayingTheFoundation.pdf","No Title Found","No snippet available."
"http://www.gutenberg.org/ebooks/60304","Fechsung by Peter Altenberg | Project Gutenberg","No snippet available."
"http://www.gutenberg.org/ebooks/37851","L'Illustration, No. 3656, 22 Mars 1913 by Various | Project Gutenberg","No snippet available."
"https://archive.org/download/8610efab-7a5b-4078-9770-ab39d79329d2/8610efab-7a5b-4078-9770-ab39d79329d2.pdf","No Title Found","No snippet available."
"https://scholar.archive.org/work/oektqicacjdnfmvxlh2mhjucba/access/wayback/http://publications.jrc.ec.europa.eu/repository/bitstream/111111111/30228/1/lfna26351enn.pdf","No Title Found","No snippet available."
"http://www.gutenberg.org/ebooks/11047","Libro segundo de lectura by Ellen M. Cyr | Project Gutenberg","No snippet available."
"https://www.gutenberg.org/files/33460/old/20100810-33460-8.txt","No Title Found","No snippet available."
"https://www.gutenberg.org/ebooks/15166.html.images","Punch, September 3, 1892.","Title: Punch, or the London Charivari, Volume 103, September 3, 1892..."
"http://www.gutenberg.org/ebooks/16278","Zuchthausgeschichten von einem ehemaligen ZÃ¼chtling by Joseph M. HÃ¤gele | Project Gutenberg","No snippet available."
"https://www.gutenberg.org/files/33460/33460-8.txt","No Title Found","No snippet available."
"http://www.gutenberg.org/ebooks/7178","Swann's Way by Marcel Proust | Project Gutenberg","No snippet available."
"http://www.gutenberg.org/ebooks/16120","Kertoelmia ja kuvauksia by Juho Heikki Reijonen | Project Gutenberg","No snippet available."
"https://blog.archive.org/2019/10/","October | 2019 | Internet Archive Blogs","The following blog post was written by freelance writer Caralee Adams about the Internet Archiveâ€™sLibrary Leaders Forum, held on October 23 at San Francisco Public Library...."
"https://archive.org/download/e94b6342-2de7-4160-b25b-ee17eda7bd61/e94b6342-2de7-4160-b25b-ee17eda7bd61.pdf","No Title Found","No snippet available."
"https://scholar.archive.org/work/n77wa563nnavfhhiv3hpbhi7qi/access/wayback/https://dergipark.org.tr/tr/download/article-file/1149790","No Title Found","No snippet available."
"http://www.gutenberg.org/ebooks/16656","Dimasalang Kalendariong Tagalog (1922) by Honorio LÃ³pez | Project Gutenberg","No snippet available."
"https://www.google.com/policies/faq","Fetch Error","N/A"
"","Fetch Error","N/A"
"https://www.google.com/policies/faq","Fetch Error","N/A"
"","Fetch Error","N/A"
"https://www.google.com/policies/faq","Fetch Error","N/A"
"","Fetch Error","N/A"
"https://www.google.com/policies/faq","Fetch Error","N/A"
"","Fetch Error","N/A"
"https://www.google.com/policies/faq","Fetch Error","N/A"
"","Fetch Error","N/A"
"https://www.google.com/policies/faq","Fetch Error","N/A"
"","Fetch Error","N/A"
"","Fetch Error","N/A"
"","Fetch Error","N/A"
"","Fetch Error","N/A"
"","Fetch Error","N/A"
"","Fetch Error","N/A"
"","Fetch Error","N/A"
"","Fetch Error","N/A"
"","Fetch Error","N/A"
"","Fetch Error","N/A"
"","Fetch Error","N/A"
"","Fetch Error","N/A"
"","Fetch Error","N/A"
"","Fetch Error","N/A"
"","Fetch Error","N/A"
"","Fetch Error","N/A"
"","Fetch Error","N/A"
"","Fetch Error","N/A"
"","Fetch Error","N/A"
"","Fetch Error","N/A"
"","Fetch Error","N/A"
"","Fetch Error","N/A"
"","Fetch Error","N/A"
"","Fetch Error","N/A"
"","Fetch Error","N/A"
"","Fetch Error","N/A"
"","Fetch Error","N/A"
"","Fetch Error","N/A"
"","Fetch Error","N/A"
"","Fetch Error","N/A"
"","Fetch Error","N/A"
"","Fetch Error","N/A"
"","Fetch Error","N/A"
"","Fetch Error","N/A"
"","Fetch Error","N/A"
"","Fetch Error","N/A"
"","Fetch Error","N/A"
"","Fetch Error","N/A"
"","Fetch Error","N/A"
"https://archive.org/download/9780262517638OpenAccess/9780262517638_Open_Access.pdf","No Title Found","No snippet available."
"https://blog.archive.org/2023/08/17/what-the-hachette-v-internet-archive-decision-means-for-our-library/","What the Hachette v. Internet Archive Decision Means for Our Library | Internet Archive Blogs","Our library is still strong, growing, and serving millions of patrons. But the publishersâ€™ attack on basic library practices continues...."
"https://www.gutenberg.org/files/27526/27526-pdf.pdf","No Title Found","No snippet available."
"https://purl.archive.org/ODRL/1.0","ODRL Information Model 2.2","..."
"http://ia800202.us.archive.org/32/items/IJITCE/vol2no201.pdf","No Title Found","HŞŒÄ’ï¿½8?ï¿½*,ï¿½ï¿½_-ï¿½ï¿½)qï¿½9Uqï¿½ï¿½ï¿½	aï¿½	 ï¿½Øšï¿½ï¿½'Qï¿½ï¿½G=ï¿½ï¿½ÓEHï¿½Lï¿½;ï¿½ï¿½z/ï¿½Ç§ï¿½WGï¿½ï¿½i ï¿½ï¿½ï¿½uï¿½ï¿½*)Aaï¿½ï¿½ï¿½I'3ï¿½ï¿½?ï¿½Ytï¿½8ï¿½ï¿½ï¿½_ï¿½ï¿½rï¿½Yï¿½Iï¿½}ï¿½ï¿½ï¿½ï¿½8ï¿½uxNï¿½ï¿½g'iï¿½ï¿½O}ï¿½s-ï¿½ï¿½gc'Æ©ï¿½*ï¿½@ï¿½ï¿½Yï¿½d:fï¿½5ï¿½ï¿½ï¿½AÃ²ï¿½	ï¿½'ï¿½ï¿½ï¿½Uï¿½lï¿½Mï¿½ï¿½ï¿½ï¿½I{3ï¿½K@'<ï¿½Ç·ï¿½]ï¿½ï¿½..."
"https://scholar.archive.org/work/rfbmcmhdz5djloqs7rdma6sw7i/access/wayback/http://www.chato.cl:80/papers/crawling_thesis/effective_web_crawling.pdf","No Title Found","No snippet available."
"https://www.gutenberg.org/ebooks/27098.epub.images","No Title Found","No snippet available."
"https://purl.archive.org/bibbase/other-bibtex2rdf-tools","ConverterToRdf - W3C Wiki","A Converter to RDF is a tool which converts application data from an application-specific format into RDF for use with RDF tools and integration with other data. Converters may be part of a one-time m..."
"https://scholar.archive.org/work/moc3aptbjrdfboaxgcnt4hadam/access/wayback/http://www.temjournal.com/content/41/04/temjournal4104.pdf","No Title Found","No snippet available."
"http://www.gutenberg.org/ebooks/15529","Songs from Books by Rudyard Kipling | Project Gutenberg","No snippet available."
"http://www.gutenberg.org/ebooks/74833","Historiallisia kaskuja by YrjÃ¶ Karilas | Project Gutenberg","No snippet available."
"https://scholar.archive.org/work/a7rehu7tyrhm3gub2nrrkch2ba/access/wayback/http://eprints.whiterose.ac.uk/126465/1/iosart2c.pdf","No Title Found","No snippet available."
"https://archive.org/download/aosa_v2/aosa_v2.pdf","No Title Found","No snippet available."
"http://www.gutenberg.org/ebooks/56805","Gleanings from the Harvest-Fields of Literature: A Melange of Excerpta by Bombaugh | Project Gutenberg","No snippet available."
"http://www.gutenberg.org/ebooks/12989","The Lady of Big Shanty by F. Berkeley Smith | Project Gutenberg","No snippet available."
"http://www.gutenberg.org/ebooks/65751","L'Arche de NoÃ© by AndrÃ© HellÃ© | Project Gutenberg","No snippet available."
"http://www.gutenberg.org/ebooks/75507","Pistols for two by H. L. Mencken and George Jean Nathan | Project Gutenberg","No snippet available."
"http://www.gutenberg.org/ebooks/4118","Diary of Samuel Pepys â€” Volume 02: January 1659-1660 by Samuel Pepys | Project Gutenberg","No snippet available."
"https://www.gutenberg.org/files/29801/29801-0.txt","No Title Found","No snippet available."
"http://www.gutenberg.org/ebooks/11576","The Works of Charles and Mary Lamb â€” Volume 4 by Charles Lamb and Mary Lamb | Project Gutenberg","No snippet available."
"http://www.gutenberg.org/ebooks/23027","Notes and Queries, Number 69, February 22, 1851 by Various | Project Gutenberg","No snippet available."
"https://www.gutenberg.org/ebooks/36985.html.images","The Project Gutenberg eBook of The eBook is 40 (1971-2011), by Marie Lebert","Title: The eBook is 40 (1971-2011)..."
"http://www.gutenberg.org/ebooks/38912","L'Illustration, No. 3669, 21 Juin 1913 by Various | Project Gutenberg","No snippet available."
"http://www.gutenberg.org/ebooks/13543","People You Know by George Ade | Project Gutenberg","No snippet available."
"https://archive.org/download/781b77bd-edf8-4688-937d-cc7cc47de89f/781b77bd-edf8-4688-937d-cc7cc47de89f.pdf","No Title Found","No snippet available."
"http://www.gutenberg.org/ebooks/4919","The Letters of Horace Walpole, Earl of Orford â€” Volume 4 by Horace Walpole | Project Gutenberg","No snippet available."
"http://www.gutenberg.org/ebooks/12099","Memories of Jane Cunningham Croly, 'Jenny June' | Project Gutenberg","No snippet available."
"https://dn721602.ca.archive.org/0/items/junos-srxsme/JunOS%20SRX%20Documentation%20Set/user-access.pdf","Fetch Error","N/A"
"http://www.gutenberg.org/ebooks/1912","The Muse of the Department by HonorÃ© de Balzac | Project Gutenberg","No snippet available."
"https://archive.org/download/fecc033f-919b-4d98-ab32-c6fb19dfb7e8/fecc033f-919b-4d98-ab32-c6fb19dfb7e8.pdf","No Title Found","No snippet available."
"http://www.gutenberg.org/ebooks/33403","Geography and Plays by Gertrude Stein | Project Gutenberg","No snippet available."
"https://www.gutenberg.org/files/49895/49895-h/49895-h.htm","The Project Gutenberg eBook of Manual of Library Economy, by James Duff Brown.","Please see theTranscriberâ€™s Notesat the end of this text.The cover image has been created
for this e-book and is placed in the public domain...."
"https://archive.org/download/8610efab-7a5b-4078-9770-ab39d79329d2/8610efab-7a5b-4078-9770-ab39d79329d2.pdf","No Title Found","No snippet available."
"http://www.gutenberg.org/ebooks/41116","CuriositÃ©s Historiques et LittÃ©raires by EugÃ¨ne Muller | Project Gutenberg","No snippet available."
"https://scholar.archive.org/work/oektqicacjdnfmvxlh2mhjucba/access/wayback/http://publications.jrc.ec.europa.eu/repository/bitstream/111111111/30228/1/lfna26351enn.pdf","No Title Found","No snippet available."
"http://www.gutenberg.org/ebooks/11047","Libro segundo de lectura by Ellen M. Cyr | Project Gutenberg","No snippet available."
"http://www.gutenberg.org/ebooks/37851","L'Illustration, No. 3656, 22 Mars 1913 by Various | Project Gutenberg","No snippet available."
"http://www.gutenberg.org/ebooks/18696","The Olden Time Series, Vol. 6: Literary Curiosities by Henry M. Brooks | Project Gutenberg","No snippet available."
"https://www.gutenberg.org/files/33460/33460-8.txt","No Title Found","No snippet available."
"http://www.gutenberg.org/ebooks/60304","Fechsung by Peter Altenberg | Project Gutenberg","No snippet available."
"https://blog.archive.org/2019/10/","October | 2019 | Internet Archive Blogs","The following blog post was written by freelance writer Caralee Adams about the Internet Archiveâ€™sLibrary Leaders Forum, held on October 23 at San Francisco Public Library...."
"http://www.gutenberg.org/ebooks/16278","Zuchthausgeschichten von einem ehemaligen ZÃ¼chtling by Joseph M. HÃ¤gele | Project Gutenberg","No snippet available."
"http://www.gutenberg.org/ebooks/16120","Kertoelmia ja kuvauksia by Juho Heikki Reijonen | Project Gutenberg","No snippet available."
"http://www.gutenberg.org/ebooks/7178","Swann's Way by Marcel Proust | Project Gutenberg","No snippet available."
"https://www.gutenberg.org/files/33460/old/20100810-33460-8.txt","No Title Found","No snippet available."
"https://archive.org/download/LayingFoundation/LayingTheFoundation.pdf","No Title Found","No snippet available."
"https://archive.org/download/e94b6342-2de7-4160-b25b-ee17eda7bd61/e94b6342-2de7-4160-b25b-ee17eda7bd61.pdf","No Title Found","No snippet available."
"https://scholar.archive.org/work/n77wa563nnavfhhiv3hpbhi7qi/access/wayback/https://dergipark.org.tr/tr/download/article-file/1149790","No Title Found","No snippet available."
"http://www.gutenberg.org/ebooks/16656","Dimasalang Kalendariong Tagalog (1922) by Honorio LÃ³pez | Project Gutenberg","No snippet available."
"https://www.gutenberg.org/ebooks/68717.html.images","The Project Gutenberg eBook of The American scene, by Henry James","Title: The American scene..."
"https://www.google.com/policies/faq","Fetch Error","N/A"
"","Fetch Error","N/A"
"https://www.google.com/policies/faq","Fetch Error","N/A"
"","Fetch Error","N/A"
"https://www.google.com/policies/faq","Fetch Error","N/A"
"","Fetch Error","N/A"
"https://www.google.com/policies/faq","Fetch Error","N/A"
"","Fetch Error","N/A"
"https://www.google.com/policies/faq","Fetch Error","N/A"
"","Fetch Error","N/A"
"https://www.google.com/policies/faq","Fetch Error","N/A"
"","Fetch Error","N/A"
"","Fetch Error","N/A"
"","Fetch Error","N/A"
"","Fetch Error","N/A"
"","Fetch Error","N/A"
"","Fetch Error","N/A"
"","Fetch Error","N/A"
"","Fetch Error","N/A"
"","Fetch Error","N/A"
"","Fetch Error","N/A"
"","Fetch Error","N/A"
"","Fetch Error","N/A"
"","Fetch Error","N/A"
"","Fetch Error","N/A"
"","Fetch Error","N/A"
"","Fetch Error","N/A"
"","Fetch Error","N/A"
"","Fetch Error","N/A"
"","Fetch Error","N/A"
"","Fetch Error","N/A"
"","Fetch Error","N/A"
"","Fetch Error","N/A"
"","Fetch Error","N/A"
"","Fetch Error","N/A"
"","Fetch Error","N/A"
"","Fetch Error","N/A"
"","Fetch Error","N/A"
"","Fetch Error","N/A"
"","Fetch Error","N/A"
"","Fetch Error","N/A"
"","Fetch Error","N/A"
"","Fetch Error","N/A"
"","Fetch Error","N/A"
"","Fetch Error","N/A"
"","Fetch Error","N/A"
"","Fetch Error","N/A"
"","Fetch Error","N/A"
"","Fetch Error","N/A"
"","Fetch Error","N/A"
"https://archive.org/download/9780262517638OpenAccess/9780262517638_Open_Access.pdf","No Title Found","No snippet available."
"https://blog.archive.org/2023/08/17/what-the-hachette-v-internet-archive-decision-means-for-our-library/","What the Hachette v. Internet Archive Decision Means for Our Library | Internet Archive Blogs","Our library is still strong, growing, and serving millions of patrons. But the publishersâ€™ attack on basic library practices continues...."
"https://www.gutenberg.org/files/27526/27526-pdf.pdf","No Title Found","No snippet available."
"https://purl.archive.org/ODRL/1.0","ODRL Information Model 2.2","..."
"http://ia800202.us.archive.org/32/items/IJITCE/vol2no201.pdf","No Title Found","HŞŒÄ’ï¿½8?ï¿½*,ï¿½ï¿½_-ï¿½ï¿½)qï¿½9Uqï¿½ï¿½ï¿½	aï¿½	 ï¿½Øšï¿½ï¿½'Qï¿½ï¿½G=ï¿½ï¿½ÓEHï¿½Lï¿½;ï¿½ï¿½z/ï¿½Ç§ï¿½WGï¿½ï¿½i ï¿½ï¿½ï¿½uï¿½ï¿½*)Aaï¿½ï¿½ï¿½I'3ï¿½ï¿½?ï¿½Ytï¿½8ï¿½ï¿½ï¿½_ï¿½ï¿½rï¿½Yï¿½Iï¿½}ï¿½ï¿½ï¿½ï¿½8ï¿½uxNï¿½ï¿½g'iï¿½ï¿½O}ï¿½s-ï¿½ï¿½gc'Æ©ï¿½*ï¿½@ï¿½ï¿½Yï¿½d:fï¿½5ï¿½ï¿½ï¿½AÃ²ï¿½	ï¿½'ï¿½ï¿½ï¿½Uï¿½lï¿½Mï¿½ï¿½ï¿½ï¿½I{3ï¿½K@'<ï¿½Ç·ï¿½]ï¿½ï¿½..."
"https://scholar.archive.org/work/rfbmcmhdz5djloqs7rdma6sw7i/access/wayback/http://www.chato.cl:80/papers/crawling_thesis/effective_web_crawling.pdf","No Title Found","No snippet available."
"https://www.gutenberg.org/ebooks/27098.epub.images","No Title Found","No snippet available."
"https://purl.archive.org/bibbase/other-bibtex2rdf-tools","ConverterToRdf - W3C Wiki","A Converter to RDF is a tool which converts application data from an application-specific format into RDF for use with RDF tools and integration with other data. Converters may be part of a one-time m..."
"https://scholar.archive.org/work/moc3aptbjrdfboaxgcnt4hadam/access/wayback/http://www.temjournal.com/content/41/04/temjournal4104.pdf","No Title Found","No snippet available."
"http://www.gutenberg.org/ebooks/15529","Songs from Books by Rudyard Kipling | Project Gutenberg","No snippet available."
"http://www.gutenberg.org/ebooks/74833","Historiallisia kaskuja by YrjÃ¶ Karilas | Project Gutenberg","No snippet available."
"https://scholar.archive.org/work/a7rehu7tyrhm3gub2nrrkch2ba/access/wayback/http://eprints.whiterose.ac.uk/126465/1/iosart2c.pdf","No Title Found","No snippet available."
"https://archive.org/download/aosa_v2/aosa_v2.pdf","No Title Found","No snippet available."
"http://www.gutenberg.org/ebooks/12989","The Lady of Big Shanty by F. Berkeley Smith | Project Gutenberg","No snippet available."
"http://www.gutenberg.org/ebooks/56805","Gleanings from the Harvest-Fields of Literature: A Melange of Excerpta by Bombaugh | Project Gutenberg","No snippet available."
"http://www.gutenberg.org/ebooks/65751","L'Arche de NoÃ© by AndrÃ© HellÃ© | Project Gutenberg","No snippet available."
"http://www.gutenberg.org/ebooks/75507","Pistols for two by H. L. Mencken and George Jean Nathan | Project Gutenberg","No snippet available."
"http://www.gutenberg.org/ebooks/4118","Diary of Samuel Pepys â€” Volume 02: January 1659-1660 by Samuel Pepys | Project Gutenberg","No snippet available."
"https://www.gutenberg.org/files/29801/29801-0.txt","No Title Found","No snippet available."
"http://www.gutenberg.org/ebooks/11576","The Works of Charles and Mary Lamb â€” Volume 4 by Charles Lamb and Mary Lamb | Project Gutenberg","No snippet available."
"https://www.gutenberg.org/ebooks/36985.html.images","The Project Gutenberg eBook of The eBook is 40 (1971-2011), by Marie Lebert","Title: The eBook is 40 (1971-2011)..."
"http://www.gutenberg.org/ebooks/23027","Notes and Queries, Number 69, February 22, 1851 by Various | Project Gutenberg","No snippet available."
"http://www.gutenberg.org/ebooks/38912","L'Illustration, No. 3669, 21 Juin 1913 by Various | Project Gutenberg","No snippet available."
"https://archive.org/download/781b77bd-edf8-4688-937d-cc7cc47de89f/781b77bd-edf8-4688-937d-cc7cc47de89f.pdf","No Title Found","No snippet available."
"http://www.gutenberg.org/ebooks/13543","People You Know by George Ade | Project Gutenberg","No snippet available."
"http://www.gutenberg.org/ebooks/4919","The Letters of Horace Walpole, Earl of Orford â€” Volume 4 by Horace Walpole | Project Gutenberg","No snippet available."
"http://www.gutenberg.org/ebooks/12099","Memories of Jane Cunningham Croly, 'Jenny June' | Project Gutenberg","No snippet available."
"https://dn721602.ca.archive.org/0/items/junos-srxsme/JunOS%20SRX%20Documentation%20Set/user-access.pdf","Fetch Error","N/A"
"http://www.gutenberg.org/ebooks/1912","The Muse of the Department by HonorÃ© de Balzac | Project Gutenberg","No snippet available."
"https://archive.org/download/fecc033f-919b-4d98-ab32-c6fb19dfb7e8/fecc033f-919b-4d98-ab32-c6fb19dfb7e8.pdf","No Title Found","No snippet available."
"http://www.gutenberg.org/ebooks/33403","Geography and Plays by Gertrude Stein | Project Gutenberg","No snippet available."
"https://www.gutenberg.org/files/49895/49895-h/49895-h.htm","The Project Gutenberg eBook of Manual of Library Economy, by James Duff Brown.","Please see theTranscriberâ€™s Notesat the end of this text.The cover image has been created
for this e-book and is placed in the public domain...."
"http://www.gutenberg.org/ebooks/41116","CuriositÃ©s Historiques et LittÃ©raires by EugÃ¨ne Muller | Project Gutenberg","No snippet available."
"https://archive.org/download/8610efab-7a5b-4078-9770-ab39d79329d2/8610efab-7a5b-4078-9770-ab39d79329d2.pdf","No Title Found","No snippet available."
"https://scholar.archive.org/work/oektqicacjdnfmvxlh2mhjucba/access/wayback/http://publications.jrc.ec.europa.eu/repository/bitstream/111111111/30228/1/lfna26351enn.pdf","No Title Found","No snippet available."
"http://www.gutenberg.org/ebooks/11047","Libro segundo de lectura by Ellen M. Cyr | Project Gutenberg","No snippet available."
"http://www.gutenberg.org/ebooks/37851","L'Illustration, No. 3656, 22 Mars 1913 by Various | Project Gutenberg","No snippet available."
"http://www.gutenberg.org/ebooks/18696","The Olden Time Series, Vol. 6: Literary Curiosities by Henry M. Brooks | Project Gutenberg","No snippet available."
"https://www.gutenberg.org/files/33460/33460-8.txt","No Title Found","No snippet available."
"http://www.gutenberg.org/ebooks/60304","Fechsung by Peter Altenberg | Project Gutenberg","No snippet available."
"https://blog.archive.org/2019/10/","October | 2019 | Internet Archive Blogs","The following blog post was written by freelance writer Caralee Adams about the Internet Archiveâ€™sLibrary Leaders Forum, held on October 23 at San Francisco Public Library...."
"http://www.gutenberg.org/ebooks/16278","Zuchthausgeschichten von einem ehemaligen ZÃ¼chtling by Joseph M. HÃ¤gele | Project Gutenberg","No snippet available."
"https://www.gutenberg.org/files/33460/old/20100810-33460-8.txt","No Title Found","No snippet available."
"http://www.gutenberg.org/ebooks/16120","Kertoelmia ja kuvauksia by Juho Heikki Reijonen | Project Gutenberg","No snippet available."
"http://www.gutenberg.org/ebooks/7178","Swann's Way by Marcel Proust | Project Gutenberg","No snippet available."
"https://archive.org/download/LayingFoundation/LayingTheFoundation.pdf","No Title Found","No snippet available."
"https://archive.org/download/e94b6342-2de7-4160-b25b-ee17eda7bd61/e94b6342-2de7-4160-b25b-ee17eda7bd61.pdf","No Title Found","No snippet available."
"https://scholar.archive.org/work/n77wa563nnavfhhiv3hpbhi7qi/access/wayback/https://dergipark.org.tr/tr/download/article-file/1149790","No Title Found","No snippet available."
"http://www.gutenberg.org/ebooks/16656","Dimasalang Kalendariong Tagalog (1922) by Honorio LÃ³pez | Project Gutenberg","No snippet available."
"https://www.gutenberg.org/ebooks/68717.html.images","The Project Gutenberg eBook of The American scene, by Henry James","Title: The American scene..."
"https://www.google.com/policies/faq","Fetch Error","N/A"
"","Fetch Error","N/A"
"https://www.google.com/policies/faq","Fetch Error","N/A"
"","Fetch Error","N/A"
"https://www.google.com/policies/faq","Fetch Error","N/A"
"","Fetch Error","N/A"
"https://www.google.com/policies/faq","Fetch Error","N/A"
"","Fetch Error","N/A"
"https://www.google.com/policies/faq","Fetch Error","N/A"
"","Fetch Error","N/A"
"https://www.google.com/policies/faq","Fetch Error","N/A"
"","Fetch Error","N/A"
"","Fetch Error","N/A"
"","Fetch Error","N/A"
"","Fetch Error","N/A"
"","Fetch Error","N/A"
"","Fetch Error","N/A"
"","Fetch Error","N/A"
"","Fetch Error","N/A"
"","Fetch Error","N/A"
"","Fetch Error","N/A"
"","Fetch Error","N/A"
"","Fetch Error","N/A"
"","Fetch Error","N/A"
"","Fetch Error","N/A"
"","Fetch Error","N/A"
"","Fetch Error","N/A"
"","Fetch Error","N/A"
"","Fetch Error","N/A"
"","Fetch Error","N/A"
"","Fetch Error","N/A"
"","Fetch Error","N/A"
"","Fetch Error","N/A"
"","Fetch Error","N/A"
"","Fetch Error","N/A"
"","Fetch Error","N/A"
"","Fetch Error","N/A"
"","Fetch Error","N/A"
"","Fetch Error","N/A"
"","Fetch Error","N/A"
"","Fetch Error","N/A"
"","Fetch Error","N/A"
"","Fetch Error","N/A"
"","Fetch Error","N/A"
"","Fetch Error","N/A"
"","Fetch Error","N/A"
"","Fetch Error","N/A"
"","Fetch Error","N/A"
"","Fetch Error","N/A"
"","Fetch Error","N/A"
"https://archive.org/download/9780262517638OpenAccess/9780262517638_Open_Access.pdf","No Title Found","No snippet available."
"https://www.gutenberg.org/files/27526/27526-pdf.pdf","No Title Found","No snippet available."
"https://scholar.archive.org/work/27jeecprtrbu7jok6hl7xrdfyq/access/wayback/https://publikationen.sulb.uni-saarland.de/bitstream/20.500.11880/26598/1/phd_thesis.pdf","No Title Found","eï¿½ï¿½pGï¿½<ï¿½ï¿½ï¿½	ï¿½TAï¿½Lï¿½ï¿½ï¿½,ï¿½ï¿½ï¿½sï¿½ Ş»ï¿½ï¿½ï¿½vï¿½ï¿½Fï¿½ï¿½Z ï¿½lï¿½ï¿½lï¿½gï¿½ï¿½ï¿½ï¿½ï¿½pï¿½ï¿½Ify>ï¿½ï¿½ï¿½sï¿½Quï¿½/
ï¿½Î¦ï¿½qkW^Ì—ï¿½ï¿½8bï¿½ï¿½ï¿½
\ï¿½ï¿½ï¿½ï¿½[ï¿½ï¿½ï¿½'eï¿½?ï¿½ï¿½|;ï¿½ï¿½ï¿½,8-bqï¿½ï¿½ï¿½ï¿½Y+ï¿½ï¿½ï¿½ï¿½W.ï¿½nï¿½W[ï¿½Tï¿½ï¿½ï¿½:j?ï¿½x×ŒOï¿½ï¿½ï¿½ï¿½ï¿½=ï¿½ï¿½ï¿½wï¿½ï¿½u5ï¿½ï¿½x;ï¿½ï¿½}ï¿½ï¿½~ï¿½ï¿½@ï¿½`ï¿½ï¿½ï¿½c@ï¿½..."
"https://blog.archive.org/2023/08/17/what-the-hachette-v-internet-archive-decision-means-for-our-library/","What the Hachette v. Internet Archive Decision Means for Our Library | Internet Archive Blogs","Our library is still strong, growing, and serving millions of patrons. But the publishersâ€™ attack on basic library practices continues...."
"https://purl.archive.org/ODRL/1.0","ODRL Information Model 2.2","..."
"https://www.gutenberg.org/ebooks/27098.epub.images","No Title Found","No snippet available."
"http://ia800202.us.archive.org/32/items/IJITCE/vol2no201.pdf","No Title Found","HŞŒÄ’ï¿½8?ï¿½*,ï¿½ï¿½_-ï¿½ï¿½)qï¿½9Uqï¿½ï¿½ï¿½	aï¿½	 ï¿½Øšï¿½ï¿½'Qï¿½ï¿½G=ï¿½ï¿½ÓEHï¿½Lï¿½;ï¿½ï¿½z/ï¿½Ç§ï¿½WGï¿½ï¿½i ï¿½ï¿½ï¿½uï¿½ï¿½*)Aaï¿½ï¿½ï¿½I'3ï¿½ï¿½?ï¿½Ytï¿½8ï¿½ï¿½ï¿½_ï¿½ï¿½rï¿½Yï¿½Iï¿½}ï¿½ï¿½ï¿½ï¿½8ï¿½uxNï¿½ï¿½g'iï¿½ï¿½O}ï¿½s-ï¿½ï¿½gc'Æ©ï¿½*ï¿½@ï¿½ï¿½Yï¿½d:fï¿½5ï¿½ï¿½ï¿½AÃ²ï¿½	ï¿½'ï¿½ï¿½ï¿½Uï¿½lï¿½Mï¿½ï¿½ï¿½ï¿½I{3ï¿½K@'<ï¿½Ç·ï¿½]ï¿½ï¿½..."
"https://purl.archive.org/bibbase/other-bibtex2rdf-tools","ConverterToRdf - W3C Wiki","A Converter to RDF is a tool which converts application data from an application-specific format into RDF for use with RDF tools and integration with other data. Converters may be part of a one-time m..."
"https://www.gutenberg.org/files/29801/29801-0.txt","No Title Found","No snippet available."
"https://archive.org/download/aosa_v2/aosa_v2.pdf","No Title Found","No snippet available."
"https://blog.archive.org/2016/10/page/2/","October | 2016 | Internet Archive Blogs | Page 2","OpenLibrary team has added pages for 200,000 new modern works and rolled out a brigade of fixes and features...."
"https://scholar.archive.org/work/a7rehu7tyrhm3gub2nrrkch2ba/access/wayback/http://eprints.whiterose.ac.uk/126465/1/iosart2c.pdf","No Title Found","No snippet available."
"https://scholar.archive.org/work/rfbmcmhdz5djloqs7rdma6sw7i/access/wayback/http://www.chato.cl:80/papers/crawling_thesis/effective_web_crawling.pdf","No Title Found","No snippet available."
"https://scholar.archive.org/work/moc3aptbjrdfboaxgcnt4hadam/access/wayback/http://www.temjournal.com/content/41/04/temjournal4104.pdf","No Title Found","No snippet available."
"https://purl.archive.org/ontology/mo/,","The Music Ontology â€“ Specification","The Music Ontology Specification provides main concepts and 
        properties fo describing music (i.e. artists, albums and tracks) 
        on the Semantic Web...."
"https://www.gutenberg.org/ebooks/36985.html.images","The Project Gutenberg eBook of The eBook is 40 (1971-2011), by Marie Lebert","Title: The eBook is 40 (1971-2011)..."
"http://www.gutenberg.org/ebooks/38912","L'Illustration, No. 3669, 21 Juin 1913 by Various | Project Gutenberg","No snippet available."
"https://scholar.archive.org/work/no75bizk2ndlto2hctwd5ua36i/access/wayback/https://academiccommons.columbia.edu/doi/10.7916/D8280J6Q/download","No Title Found","_ï¿½'ï¿½ï¿½Xï¿½dï¿½p? ap,ï¿½.ï¿½ï¿½Hï¿½lï¿½ï¿½Qioï¿½ï¿½Q;ï¿½ï¿½ï¿½]ç–¤Lï¿½'Ò–ï¿½CPï¿½ï¿½ï¿½l&ï¿½ï¿½KAOï¿½oï¿½'ï¿½;dlw_dPï¿½ï¿½ï¿½O.Ü¥ï¿½ï¿½p|wyï¿½ï¿½Tï¿½t)Ş–;ï¿½{ï¿½ï¿½ï¿½ï¿½ï¿½zï¿½ï¿½5ï¿½ï¿½Gpï¿½^ï¿½q$ï¿½ï¿½y&ï¿½ï¿½ï¿½7ï¿½ï¿½ï¿½ï¿½;ï¿½ï¿½*_ï¿½ï¿½\
cï¿½>ï¿½ï¿½ï¿½Uï¿½ï¿½2ï¿½ï¿½_Â¢/ M0ï¿½Iï¿½awsï¿½ï¿½;P#ï¿½/=ï¿½zæ¬i.ï¿½ï¿½Gï¿½75(ï¿½oï¿½q..."
"https://dn721602.ca.archive.org/0/items/junos-srxsme/JunOS%20SRX%20Documentation%20Set/user-access.pdf","Fetch Error","N/A"
"http://www.gutenberg.org/ebooks/13543","People You Know by George Ade | Project Gutenberg","No snippet available."
"https://www.gutenberg.org/ebooks/67042.txt.utf-8","No Title Found","No snippet available."
"http://www.gutenberg.org/ebooks/56805","Gleanings from the Harvest-Fields of Literature: A Melange of Excerpta by Bombaugh | Project Gutenberg","No snippet available."
"https://www.gutenberg.org/ebooks/118.txt.utf-8","No Title Found","No snippet available."
"https://www.gutenberg.org/files/49895/49895-h/49895-h.htm","The Project Gutenberg eBook of Manual of Library Economy, by James Duff Brown.","Please see theTranscriberâ€™s Notesat the end of this text.The cover image has been created
for this e-book and is placed in the public domain...."
"https://www.gutenberg.org/files/33460/33460-8.txt","No Title Found","No snippet available."
"https://www.gutenberg.org/ebooks/14868.txt.utf-8","No Title Found","No snippet available."
"http://www.gutenberg.org/ebooks/37851","L'Illustration, No. 3656, 22 Mars 1913 by Various | Project Gutenberg","No snippet available."
"https://www.gutenberg.org/ebooks/31028.txt.utf-8","No Title Found","No snippet available."
"http://www.gutenberg.org/ebooks/12989","The Lady of Big Shanty by F. Berkeley Smith | Project Gutenberg","No snippet available."
"http://www.gutenberg.org/ebooks/15529","Songs from Books by Rudyard Kipling | Project Gutenberg","No snippet available."
"http://www.gutenberg.org/ebooks/18696","The Olden Time Series, Vol. 6: Literary Curiosities by Henry M. Brooks | Project Gutenberg","No snippet available."
"https://www.gutenberg.org/ebooks/39122.txt.utf-8","No Title Found","No snippet available."
"http://www.gutenberg.org/ebooks/74833","Historiallisia kaskuja by YrjÃ¶ Karilas | Project Gutenberg","No snippet available."
"http://www.gutenberg.org/ebooks/23027","Notes and Queries, Number 69, February 22, 1851 by Various | Project Gutenberg","No snippet available."
"http://www.gutenberg.org/ebooks/70721","The cairn :  A gathering of precious stones from many hands by Nicolas | Project Gutenberg","No snippet available."
"https://archive.org/download/8610efab-7a5b-4078-9770-ab39d79329d2/8610efab-7a5b-4078-9770-ab39d79329d2.pdf","No Title Found","No snippet available."
"https://www.gutenberg.org/files/33460/old/20100810-33460-8.txt","No Title Found","No snippet available."
"https://blog.archive.org/category/wayback-machine/page/3/","Wayback Machine â€“ Web Archive | Internet Archive Blogs | Page 3","This post was originally published in anewsletterby Project Liberty, February 20, 2024.Image by Project Liberty...."
"http://www.gutenberg.org/ebooks/25933","English as She is Wrote by Anonymous | Project Gutenberg","No snippet available."
"https://archive.org/download/781b77bd-edf8-4688-937d-cc7cc47de89f/781b77bd-edf8-4688-937d-cc7cc47de89f.pdf","No Title Found","No snippet available."
"http://www.gutenberg.org/ebooks/41116","CuriositÃ©s Historiques et LittÃ©raires by EugÃ¨ne Muller | Project Gutenberg","No snippet available."
"https://archive.org/download/fecc033f-919b-4d98-ab32-c6fb19dfb7e8/fecc033f-919b-4d98-ab32-c6fb19dfb7e8.pdf","No Title Found","No snippet available."
"http://www.gutenberg.org/ebooks/65751","L'Arche de NoÃ© by AndrÃ© HellÃ© | Project Gutenberg","No snippet available."
"https://blog.archive.org/2023/page/3/","2023 | Internet Archive Blogs | Page 3","..."
"https://scholar.archive.org/work/oektqicacjdnfmvxlh2mhjucba/access/wayback/http://publications.jrc.ec.europa.eu/repository/bitstream/111111111/30228/1/lfna26351enn.pdf","No Title Found","No snippet available."
"https://www.gutenberg.org/ebooks/26649.txt.utf-8","No Title Found","No snippet available."
"https://blog.archive.org/2019/10/","October | 2019 | Internet Archive Blogs","The following blog post was written by freelance writer Caralee Adams about the Internet Archiveâ€™sLibrary Leaders Forum, held on October 23 at San Francisco Public Library...."
"http://www.gutenberg.org/ebooks/60304","Fechsung by Peter Altenberg | Project Gutenberg","No snippet available."
"http://www.gutenberg.org/ebooks/16278","Zuchthausgeschichten von einem ehemaligen ZÃ¼chtling by Joseph M. HÃ¤gele | Project Gutenberg","No snippet available."
"http://www.gutenberg.org/ebooks/75507","Pistols for two by H. L. Mencken and George Jean Nathan | Project Gutenberg","No snippet available."
"","Fetch Error","N/A"
"https://www.google.com/policies/faq","Fetch Error","N/A"
"","Fetch Error","N/A"
"https://www.google.com/policies/faq","Fetch Error","N/A"
"","Fetch Error","N/A"
"https://www.google.com/policies/faq","Fetch Error","N/A"
"","Fetch Error","N/A"
"https://www.google.com/policies/faq","Fetch Error","N/A"
"","Fetch Error","N/A"
"https://www.google.com/policies/faq","Fetch Error","N/A"
"","Fetch Error","N/A"
"https://www.google.com/policies/faq","Fetch Error","N/A"
"","Fetch Error","N/A"
"","Fetch Error","N/A"
"","Fetch Error","N/A"
"","Fetch Error","N/A"
"","Fetch Error","N/A"
"","Fetch Error","N/A"
"","Fetch Error","N/A"
"","Fetch Error","N/A"
"","Fetch Error","N/A"
"","Fetch Error","N/A"
"","Fetch Error","N/A"
"","Fetch Error","N/A"
"","Fetch Error","N/A"
"","Fetch Error","N/A"
"","Fetch Error","N/A"
"","Fetch Error","N/A"
"","Fetch Error","N/A"
"","Fetch Error","N/A"
"","Fetch Error","N/A"
"","Fetch Error","N/A"
"","Fetch Error","N/A"
"","Fetch Error","N/A"
"","Fetch Error","N/A"
"","Fetch Error","N/A"
"","Fetch Error","N/A"
"","Fetch Error","N/A"
"","Fetch Error","N/A"
"","Fetch Error","N/A"
"","Fetch Error","N/A"
"","Fetch Error","N/A"
"","Fetch Error","N/A"
"","Fetch Error","N/A"
"","Fetch Error","N/A"
"","Fetch Error","N/A"
"","Fetch Error","N/A"
"","Fetch Error","N/A"
"","Fetch Error","N/A"
"","Fetch Error","N/A"
